会合開始日,会合終了日,会合終了時刻,政策公表時刻,議事要旨公表日,金融市場調節方針,政策短期金利誘導目標水準,補完当座預金適用利率,基準割引率・基準貸付利率（公定歩合）,投票_委員1,投票_委員2,投票_委員3,投票_委員4,投票_委員5,投票_委員6,投票_委員7,投票_委員8,投票_委員9,投票_委員10,投票_委員11,投票_委員12,投票_委員13,投票_委員14,投票_委員15,投票_委員16,投票_委員17,投票_委員18,投票_委員19,投票_委員20,投票_委員21,投票_委員22,投票_委員23,投票_委員24,投票_委員25,投票_委員26,投票_委員27,投票_委員28,投票_委員29,投票_委員30,投票_委員31,投票_委員32,投票_委員33,投票_委員34,投票_委員35,投票_委員36,投票_委員37,投票_委員38,投票_委員39,投票_委員40,投票_委員41,投票_委員42,投票_委員43,投票_委員44,投票_委員45,投票_委員46,投票_委員47,投票_委員48,投票_委員49,投票_委員50,投票_委員51,投票_委員52,投票_委員53,投票_委員54
19980409,19980409,1610,1618,19980522,無担保コールレート（オーバーナイト物）を、平均的にみて公定歩合水準をやや下回って推移するよう促す。,0.43,,0.5,0,0,0,0,0,0,0,0,0,,,,,,,,,,,,,,,,,,,,,,,,,,,,,,,,,,,,,,,,,,,,,
19980424,19980424,1300,1308,19980617,〃,0.43,,0.5,0,0,0,0,0,0,0,0,0,,,,,,,,,,,,,,,,,,,,,,,,,,,,,,,,,,,,,,,,,,,,,
19980519,19980519,1610,1618,19980630,〃,0.43,,0.5,0,0,0,0,0,0,0,0,0,,,,,,,,,,,,,,,,,,,,,,,,,,,,,,,,,,,,,,,,,,,,,
19980612,19980612,1756,1804,19980722,〃,0.43,,0.5,0,0,0,0,0,0,1,1,0,,,,,,,,,,,,,,,,,,,,,,,,,,,,,,,,,,,,,,,,,,,,,
19980625,19980625,1157,1205,19980731,〃,0.43,,0.5,0,0,0,0,0,0,0,1,0,,,,,,,,,,,,,,,,,,,,,,,,,,,,,,,,,,,,,,,,,,,,,
19980716,19980716,1550,1558,19980814,〃,0.43,,0.5,0,0,0,0,0,0,0,1,0,,,,,,,,,,,,,,,,,,,,,,,,,,,,,,,,,,,,,,,,,,,,,
19980728,19980728,1240,1248,19980914,〃,0.43,,0.5,0,0,0,0,0,0,0,1,0,,,,,,,,,,,,,,,,,,,,,,,,,,,,,,,,,,,,,,,,,,,,,
19980811,19980811,1604,1612,19980929,〃,0.43,,0.5,0,0,0,0,0,0,0,1,0,,,,,,,,,,,,,,,,,,,,,,,,,,,,,,,,,,,,,,,,,,,,,
19980909,19980909,1741,1749,19981016,無担保コールレート（オーバーナイト物）を、平均的にみて0.25％前後で推移するよう促す。,0.25,,0.5,0,0,0,0,1,0,0,0,0,,,,,,,,,,,,,,,,,,,,,,,,,,,,,,,,,,,,,,,,,,,,,
19980924,19980924,1502,1510,19981102,〃,0.25,,0.5,0,0,0,0,1,0,0,0,0,,,,,,,,,,,,,,,,,,,,,,,,,,,,,,,,,,,,,,,,,,,,,
19981013,19981013,1546,1554,19981118,〃,0.25,,0.5,0,0,0,0,1,0,0,0,0,,,,,,,,,,,,,,,,,,,,,,,,,,,,,,,,,,,,,,,,,,,,,
19981028,19981028,1355,1403,19981202,〃,0.25,,0.5,0,0,0,0,1,0,0,1,0,,,,,,,,,,,,,,,,,,,,,,,,,,,,,,,,,,,,,,,,,,,,,
19981113,19981113,1654,1702,19981218,〃,0.25,,0.5,0,0,0,0,1,0,0,0,0,,,,,,,,,,,,,,,,,,,,,,,,,,,,,,,,,,,,,,,,,,,,,
19981127,19981127,1358,1406,19990122,〃,0.25,,0.5,0,0,0,0,1,0,0,1,0,,,,,,,,,,,,,,,,,,,,,,,,,,,,,,,,,,,,,,,,,,,,,
19981215,19981215,1528,1536,19990217,〃,0.25,,0.5,0,0,0,0,1,0,0,1,0,,,,,,,,,,,,,,,,,,,,,,,,,,,,,,,,,,,,,,,,,,,,,
19990119,19990119,1534,1542,19990302,〃,0.25,,0.5,0,0,0,0,1,0,0,1,0,,,,,,,,,,,,,,,,,,,,,,,,,,,,,,,,,,,,,,,,,,,,,
19990212,19990212,1734,1742,19990317,"より潤沢な資金供給を行い、無担保コールレート（オーバーナイト物）を、できるだけ低めに推移するよう促す。
その際、短期金融市場に混乱の生じないよう、その機能の維持に十分配意しつつ、当初0.15％前後を目指し、その後市場の状況を踏まえながら、徐々に一層の低下を促す。",0,,0.5,0,0,0,0,1,0,0,0,0,,,,,,,,,,,,,,,,,,,,,,,,,,,,,,,,,,,,,,,,,,,,,
19990225,19990225,1528,1536,19990330,〃,0,,0.5,0,0,0,0,1,0,0,1,0,,,,,,,,,,,,,,,,,,,,,,,,,,,,,,,,,,,,,,,,,,,,,
19990312,19990312,1607,1615,19990414,〃,0,,0.5,0,0,0,0,1,0,0,1,0,,,,,,,,,,,,,,,,,,,,,,,,,,,,,,,,,,,,,,,,,,,,,
19990325,19990325,1535,1543,19990427,〃,0,,0.5,0,0,0,0,1,0,0,1,0,,,,,,,,,,,,,,,,,,,,,,,,,,,,,,,,,,,,,,,,,,,,,
19990409,19990409,1611,1619,19990521,〃,0,,0.5,0,0,0,0,1,0,0,1,0,,,,,,,,,,,,,,,,,,,,,,,,,,,,,,,,,,,,,,,,,,,,,
19990422,19990422,1519,1527,19990617,〃,0,,0.5,0,0,0,0,1,0,0,1,0,,,,,,,,,,,,,,,,,,,,,,,,,,,,,,,,,,,,,,,,,,,,,
19990518,19990518,1528,1536,19990701,〃,0,,0.5,0,0,0,0,1,0,0,1,0,,,,,,,,,,,,,,,,,,,,,,,,,,,,,,,,,,,,,,,,,,,,,
19990614,19990614,1504,1512,19990722,〃,0,,0.5,0,0,0,0,1,0,0,1,0,,,,,,,,,,,,,,,,,,,,,,,,,,,,,,,,,,,,,,,,,,,,,
19990628,19990628,1235,1243,19990818,〃,0,,0.5,0,0,0,0,1,0,0,1,0,,,,,,,,,,,,,,,,,,,,,,,,,,,,,,,,,,,,,,,,,,,,,
19990716,19990716,1622,1630,19990914,〃,0,,0.5,0,0,0,0,1,0,0,1,0,,,,,,,,,,,,,,,,,,,,,,,,,,,,,,,,,,,,,,,,,,,,,
19990813,19990813,1551,1559,19990927,〃,0,,0.5,0,0,0,0,1,0,0,1,0,,,,,,,,,,,,,,,,,,,,,,,,,,,,,,,,,,,,,,,,,,,,,
19990909,19990909,1514,1522,19991018,〃,0,,0.5,0,0,0,0,1,0,0,1,0,,,,,,,,,,,,,,,,,,,,,,,,,,,,,,,,,,,,,,,,,,,,,
19990921,19990921,1615,1623,19991101,〃,0,,0.5,0,0,0,0,1,0,0,1,0,,,,,,,,,,,,,,,,,,,,,,,,,,,,,,,,,,,,,,,,,,,,,
19991013,19991013,1722,1730,19991117,豊富で弾力的な資金供給を行い、無担保コールレート（オーバーナイト物）を、できるだけ低めに推移するよう促す。 ,0,,0.5,0,0,0,,1,0,0,1,0,,,,,,,,,,,,,,,,,,,,,,,,,,,,,,,,,,,,,,,,,,,,,
19991027,19991027,1242,1250,19991201,〃,0,,0.5,0,0,0,,1,0,0,1,0,,,,,,,,,,,,,,,,,,,,,,,,,,,,,,,,,,,,,,,,,,,,,
19991112,19991112,1447,1455,19991222,〃,0,,0.5,0,0,0,,1,0,0,1,0,,,,,,,,,,,,,,,,,,,,,,,,,,,,,,,,,,,,,,,,,,,,,
19991126,19991126,1248,1256,20000120,〃,0,,0.5,0,0,0,,1,0,0,1,0,,,,,,,,,,,,,,,,,,,,,,,,,,,,,,,,,,,,,,,,,,,,,
19991217,19991217,1544,1552,20000216,〃,0,,0.5,0,0,0,,1,0,0,1,0,0,,,,,,,,,,,,,,,,,,,,,,,,,,,,,,,,,,,,,,,,,,,,
20000117,20000117,1539,1547,20000229,〃,0,,0.5,0,0,0,,1,0,0,1,0,0,,,,,,,,,,,,,,,,,,,,,,,,,,,,,,,,,,,,,,,,,,,,
20000210,20000210,1601,1609,20000313,〃,0,,0.5,0,0,0,,1,0,0,1,0,0,,,,,,,,,,,,,,,,,,,,,,,,,,,,,,,,,,,,,,,,,,,,
20000224,20000224,1306,1314,20000329,〃,0,,0.5,0,0,0,,1,0,0,1,0,0,,,,,,,,,,,,,,,,,,,,,,,,,,,,,,,,,,,,,,,,,,,,
20000308,20000308,1537,1545,20000413,〃,0,,0.5,0,0,0,,1,0,0,1,0,0,,,,,,,,,,,,,,,,,,,,,,,,,,,,,,,,,,,,,,,,,,,,
20000324,20000324,1313,1321,20000502,〃,0,,0.5,0,0,0,,1,0,0,1,0,0,,,,,,,,,,,,,,,,,,,,,,,,,,,,,,,,,,,,,,,,,,,,
20000410,20000410,1533,1541,20000522,〃,0,,0.5,0,0,0,,1,0,0,1,0,0,,,,,,,,,,,,,,,,,,,,,,,,,,,,,,,,,,,,,,,,,,,,
20000427,20000427,1323,1331,20000615,〃,0,,0.5,0,0,0,,1,0,0,1,0,0,,,,,,,,,,,,,,,,,,,,,,,,,,,,,,,,,,,,,,,,,,,,
20000517,20000517,1528,1536,20000703,〃,0,,0.5,0,0,0,,1,0,0,1,0,0,,,,,,,,,,,,,,,,,,,,,,,,,,,,,,,,,,,,,,,,,,,,
20000612,20000612,1548,1556,20000721,〃,0,,0.5,0,0,0,,1,0,0,1,0,0,,,,,,,,,,,,,,,,,,,,,,,,,,,,,,,,,,,,,,,,,,,,
20000628,20000628,1256,1304,20000816,〃,0,,0.5,0,0,0,,1,0,0,1,0,0,,,,,,,,,,,,,,,,,,,,,,,,,,,,,,,,,,,,,,,,,,,,
20000717,20000717,1601,1609,20000920,〃,0,,0.5,0,0,0,,1,0,0,1,0,0,,,,,,,,,,,,,,,,,,,,,,,,,,,,,,,,,,,,,,,,,,,,
20000811,20000811,1718,1726,20000920,無担保コールレート（オーバーナイト物）を、平均的にみて0.25％前後で推移するよう促す。,0.25,,0.5,0,0,0,,0,0,0,1,1,0,,,,,,,,,,,,,,,,,,,,,,,,,,,,,,,,,,,,,,,,,,,,
20000914,20000914,1438,1446,20001018,〃,0.25,,0.5,0,0,0,,0,0,0,1,0,0,,,,,,,,,,,,,,,,,,,,,,,,,,,,,,,,,,,,,,,,,,,,
20001013,20001013,1532,1540,20001122,〃,0.25,,0.5,0,0,0,,0,0,0,1,0,0,,,,,,,,,,,,,,,,,,,,,,,,,,,,,,,,,,,,,,,,,,,,
20001030,20001030,1427,1435,20001205,〃,0.25,,0.5,0,0,0,,0,0,0,1,0,0,,,,,,,,,,,,,,,,,,,,,,,,,,,,,,,,,,,,,,,,,,,,
20001117,20001117,1444,1452,20001220,〃,0.25,,0.5,0,0,0,,0,0,0,1,0,0,,,,,,,,,,,,,,,,,,,,,,,,,,,,,,,,,,,,,,,,,,,,
20001130,20001130,1227,1235,20010124,〃,0.25,,0.5,0,0,0,,0,0,0,1,0,0,,,,,,,,,,,,,,,,,,,,,,,,,,,,,,,,,,,,,,,,,,,,
20001215,20001215,1431,1439,20010124,〃,0.25,,0.5,0,0,0,,0,0,0,1,0,0,,,,,,,,,,,,,,,,,,,,,,,,,,,,,,,,,,,,,,,,,,,,
20010119,20010119,1608,1616,20010305,〃,0.25,,0.5,0,0,0,,0,0,0,1,0,0,,,,,,,,,,,,,,,,,,,,,,,,,,,,,,,,,,,,,,,,,,,,
20010209,20010209,1713,1721,20010323,〃,0.25,,0.35,0,0,0,,0,0,0,1,1,1,,,,,,,,,,,,,,,,,,,,,,,,,,,,,,,,,,,,,,,,,,,,
20010228,20010228,1548,1556,20010418,無担保コールレート（オーバーナイト物）を、平均的にみて0.15％前後で推移するよう促す。,0.15,,0.25,0,0,0,,1,0,0,1,0,0,,,,,,,,,,,,,,,,,,,,,,,,,,,,,,,,,,,,,,,,,,,,
20010319,20010319,1727,1735,20010501,"金融市場調節の主たる操作目標を、日本銀行当座預金残高とすること。 
上記の金融市場調節方式を、消費者物価指数（全国、除く生鮮食品）の前年比上昇率が安定的にゼロ％以上となるまで、継続すること。 
日本銀行当座預金残高が5兆円程度となるよう金融市場調節を行う。",0,,0.25,0,0,0,,1,0,0,0,0,0,,,,,,,,,,,,,,,,,,,,,,,,,,,,,,,,,,,,,,,,,,,,
20010412,20010413,1217,1225,20010523,日本銀行当座預金残高が5兆円程度となるよう金融市場調節を行う。,0,,0.25,0,0,0,,,0,0,0,0,0,0,,,,,,,,,,,,,,,,,,,,,,,,,,,,,,,,,,,,,,,,,,,
20010425,20010425,1250,1258,20010620,〃,0,,0.25,0,0,0,,,0,0,0,0,0,0,,,,,,,,,,,,,,,,,,,,,,,,,,,,,,,,,,,,,,,,,,,
20010517,20010518,1218,1226,20010620,〃,0,,0.25,0,0,0,,,0,0,0,0,0,0,,,,,,,,,,,,,,,,,,,,,,,,,,,,,,,,,,,,,,,,,,,
20010614,20010615,1211,1219,20010718,〃,0,,0.25,0,0,0,,,0,0,0,0,0,0,,,,,,,,,,,,,,,,,,,,,,,,,,,,,,,,,,,,,,,,,,,
20010628,20010628,1243,1251,20010817,〃,0,,0.25,0,0,0,,,,0,0,0,0,0,0,,,,,,,,,,,,,,,,,,,,,,,,,,,,,,,,,,,,,,,,,,
20010712,20010713,1259,1307,20010817,〃,0,,0.25,0,0,0,,,,0,0,0,0,0,0,,,,,,,,,,,,,,,,,,,,,,,,,,,,,,,,,,,,,,,,,,
20010813,20010814,1304,1312,20010925,日本銀行当座預金残高が6兆円程度となるよう金融市場調節を行う。,0,,0.25,0,0,0,,,,0,1,0,0,0,0,,,,,,,,,,,,,,,,,,,,,,,,,,,,,,,,,,,,,,,,,,
20010918,20010918,1848,1856,20011101,日本銀行当座預金残高が6兆円を上回ることを目標として、潤沢な資金供給を行う。,0,,0.1,0,0,0,,,,0,1,0,0,0,0,,,,,,,,,,,,,,,,,,,,,,,,,,,,,,,,,,,,,,,,,,
20011011,20011012,1305,1313,20011121,〃,0,,0.1,0,0,0,,,,0,1,0,0,0,0,,,,,,,,,,,,,,,,,,,,,,,,,,,,,,,,,,,,,,,,,,
20011029,20011029,1359,1407,20011204,〃,0,,0.1,0,0,0,,,,0,1,0,0,0,0,,,,,,,,,,,,,,,,,,,,,,,,,,,,,,,,,,,,,,,,,,
20011115,20011116,1231,1239,20011225,〃,0,,0.1,0,0,0,,,,0,1,0,0,0,0,,,,,,,,,,,,,,,,,,,,,,,,,,,,,,,,,,,,,,,,,,
20011129,20011129,1221,1229,20020121,〃,0,,0.1,0,0,0,,,,0,1,0,0,0,0,,,,,,,,,,,,,,,,,,,,,,,,,,,,,,,,,,,,,,,,,,
20011218,20011219,1454,1502,20020121,日本銀行当座預金残高が10〜15兆円程度となるよう金融市場調節を行う。,0,,0.1,0,0,0,,,,0,1,0,0,0,0,,,,,,,,,,,,,,,,,,,,,,,,,,,,,,,,,,,,,,,,,,
20020115,20020116,1239,1247,20020305,〃,0,,0.1,0,0,0,,,,0,1,0,0,0,0,,,,,,,,,,,,,,,,,,,,,,,,,,,,,,,,,,,,,,,,,,
20020207,20020208,1220,1228,20020326,〃,0,,0.1,0,0,0,,,,0,1,0,0,0,0,,,,,,,,,,,,,,,,,,,,,,,,,,,,,,,,,,,,,,,,,,
20020228,20020228,1354,1402,20020416,〃,0,,0.1,0,0,0,,,,0,1,0,0,0,0,,,,,,,,,,,,,,,,,,,,,,,,,,,,,,,,,,,,,,,,,,
20020319,20020320,1323,1331,20020507,〃,0,,0.1,0,0,0,,,,0,1,0,0,0,0,,,,,,,,,,,,,,,,,,,,,,,,,,,,,,,,,,,,,,,,,,
20020410,20020411,1211,1219,20020524,〃,0,,0.1,0,0,0,,,,,,0,0,0,0,0,0,,,,,,,,,,,,,,,,,,,,,,,,,,,,,,,,,,,,,,,,
20020430,20020430,1257,1305,20020617,〃,0,,0.1,0,0,0,,,,,,0,0,0,0,0,0,,,,,,,,,,,,,,,,,,,,,,,,,,,,,,,,,,,,,,,,
20020520,20020521,1256,1304,20020701,〃,0,,0.1,0,0,0,,,,,,0,0,0,0,0,0,,,,,,,,,,,,,,,,,,,,,,,,,,,,,,,,,,,,,,,,
20020611,20020612,1212,1220,20020719,〃,0,,0.1,0,0,0,,,,,,0,0,0,0,0,0,,,,,,,,,,,,,,,,,,,,,,,,,,,,,,,,,,,,,,,,
20020626,20020626,1244,1252,20020814,〃,0,,0.1,0,0,0,,,,,,0,0,0,0,0,0,,,,,,,,,,,,,,,,,,,,,,,,,,,,,,,,,,,,,,,,
20020715,20020716,1216,1224,20020814,〃,0,,0.1,0,0,0,,,,,,0,0,0,0,0,0,,,,,,,,,,,,,,,,,,,,,,,,,,,,,,,,,,,,,,,,
20020808,20020809,1240,1248,20020924,〃,0,,0.1,0,0,0,,,,,,0,0,0,0,0,0,,,,,,,,,,,,,,,,,,,,,,,,,,,,,,,,,,,,,,,,
20020917,20020918,1308,1316,20021105,〃,0,,0.1,0,0,0,,,,,,0,0,0,0,0,0,,,,,,,,,,,,,,,,,,,,,,,,,,,,,,,,,,,,,,,,
20021010,20021011,1249,1257,20021122,〃,0,,0.1,0,0,0,,,,,,0,0,0,0,0,0,,,,,,,,,,,,,,,,,,,,,,,,,,,,,,,,,,,,,,,,
20021030,20021030,1433,1441,20021220,日本銀行当座預金残高が15〜20兆円程度となるよう金融市場調節を行う。,0,,0.1,0,0,0,,,,,,0,0,0,0,0,0,,,,,,,,,,,,,,,,,,,,,,,,,,,,,,,,,,,,,,,,
20021118,20021119,1254,1302,20021220,〃,0,,0.1,0,0,0,,,,,,0,0,0,0,0,0,,,,,,,,,,,,,,,,,,,,,,,,,,,,,,,,,,,,,,,,
20021216,20021217,1314,1322,20030127,〃,0,,0.1,0,0,0,,,,,,0,0,0,0,0,0,,,,,,,,,,,,,,,,,,,,,,,,,,,,,,,,,,,,,,,,
20030121,20030122,1225,1233,20030219,〃,0,,0.1,0,0,0,,,,,,0,0,0,0,0,0,,,,,,,,,,,,,,,,,,,,,,,,,,,,,,,,,,,,,,,,
20030213,20030214,1314,1322,20030310,〃,0,,0.1,0,0,0,,,,,,0,0,0,0,0,0,,,,,,,,,,,,,,,,,,,,,,,,,,,,,,,,,,,,,,,,
20030304,20030305,1232,1240,20030411,3月31日までは、日本銀行当座預金残高が15〜20兆円程度となるよう金融市場調節を行う。4月1日以後は、日本郵政公社の発足に伴い、日本銀行当座預金残高が17〜22兆円程度となるよう金融市場調節を行う。 ,0,,0.1,0,0,0,,,,,,0,0,0,0,0,0,,,,,,,,,,,,,,,,,,,,,,,,,,,,,,,,,,,,,,,,
20030325,20030325,1141,1149,20030506,〃,0,,0.1,,,,,,,,,0,0,0,0,0,0,0,0,0,,,,,,,,,,,,,,,,,,,,,,,,,,,,,,,,,,,,,
20030407,20030408,1317,1325,20030523,日本銀行当座預金残高が17〜22兆円程度となるよう金融市場調節を行う。,0,,0.1,,,,,,,,,0,0,0,0,1,0,0,0,0,,,,,,,,,,,,,,,,,,,,,,,,,,,,,,,,,,,,,
20030430,20030430,1329,1337,20030616,日本銀行当座預金残高が22〜27兆円程度となるよう金融市場調節を行う。,0,,0.1,,,,,,,,,0,0,0,0,0,0,0,0,0,,,,,,,,,,,,,,,,,,,,,,,,,,,,,,,,,,,,,
20030519,20030520,1257,1305,20030630,日本銀行当座預金残高が27〜30兆円程度となるよう金融市場調節を行う。,0,,0.1,,,,,,,,,0,1,1,0,0,0,0,0,0,,,,,,,,,,,,,,,,,,,,,,,,,,,,,,,,,,,,,
20030610,20030611,1308,1316,20030718,〃,0,,0.1,,,,,,,,,0,0,0,0,0,0,0,0,0,,,,,,,,,,,,,,,,,,,,,,,,,,,,,,,,,,,,,
20030625,20030625,1151,1159,20030813,〃,0,,0.1,,,,,,,,,0,0,0,0,0,0,0,0,0,,,,,,,,,,,,,,,,,,,,,,,,,,,,,,,,,,,,,
20030714,20030715,1116,1124,20030813,〃,0,,0.1,,,,,,,,,0,0,0,0,0,0,0,0,0,,,,,,,,,,,,,,,,,,,,,,,,,,,,,,,,,,,,,
20030807,20030808,1139,1147,20030918,〃,0,,0.1,,,,,,,,,0,0,0,0,0,0,0,0,0,,,,,,,,,,,,,,,,,,,,,,,,,,,,,,,,,,,,,
20030911,20030912,1325,1333,20031016,〃,0,,0.1,,,,,,,,,0,0,0,0,1,0,0,0,0,,,,,,,,,,,,,,,,,,,,,,,,,,,,,,,,,,,,,
20031009,20031010,1354,1402,20031127,"日本銀行当座預金残高が27〜32兆円程度となるよう金融市場調節を行う。
量的緩和政策継続のコミットメントの明確化
「金融政策の透明性強化について」",0,,0.1,,,,,,,,,1,1,1,0,0,0,0,0,0,,,,,,,,,,,,,,,,,,,,,,,,,,,,,,,,,,,,,
20031031,20031031,1215,1223,20031219,〃,0,,0.1,,,,,,,,,0,0,0,0,0,0,0,0,0,,,,,,,,,,,,,,,,,,,,,,,,,,,,,,,,,,,,,
20031120,20031121,1207,1215,20031219,〃,0,,0.1,,,,,,,,,0,0,0,0,0,0,0,0,0,,,,,,,,,,,,,,,,,,,,,,,,,,,,,,,,,,,,,
20031215,20031216,1119,1127,20040123,〃,0,,0.1,,,,,,,,,0,0,0,0,0,0,0,0,0,,,,,,,,,,,,,,,,,,,,,,,,,,,,,,,,,,,,,
20040119,20040120,1240,1248,20040302,日本銀行当座預金残高が30〜35兆円程度となるよう金融市場調節を行う。,0,,0.1,,,,,,,,,0,1,1,0,0,0,0,0,0,,,,,,,,,,,,,,,,,,,,,,,,,,,,,,,,,,,,,
20040204,20040205,1152,1200,20040319,〃,0,,0.1,,,,,,,,,0,0,0,0,0,0,0,0,0,,,,,,,,,,,,,,,,,,,,,,,,,,,,,,,,,,,,,
20040226,20040226,1159,1207,20040414,〃,0,,0.1,,,,,,,,,0,0,0,0,0,0,0,0,0,,,,,,,,,,,,,,,,,,,,,,,,,,,,,,,,,,,,,
20040315,20040316,1148,1156,20040414,〃,0,,0.1,,,,,,,,,0,0,0,0,0,0,0,0,0,,,,,,,,,,,,,,,,,,,,,,,,,,,,,,,,,,,,,
20040408,20040409,1231,1239,20040525,〃,0,,0.1,,,,,,,,,0,0,0,0,0,0,0,0,0,,,,,,,,,,,,,,,,,,,,,,,,,,,,,,,,,,,,,
20040428,20040428,1253,1301,20040618,〃,0,,0.1,,,,,,,,,0,0,0,0,0,0,0,0,0,,,,,,,,,,,,,,,,,,,,,,,,,,,,,,,,,,,,,
20040519,20040520,1159,1207,20040630,〃,0,,0.1,,,,,,,,,0,0,0,0,0,0,0,0,0,,,,,,,,,,,,,,,,,,,,,,,,,,,,,,,,,,,,,
20040614,20040615,1130,1138,20040716,〃,0,,0.1,,,,,,,,,0,0,0,0,0,0,0,0,0,,,,,,,,,,,,,,,,,,,,,,,,,,,,,,,,,,,,,
20040625,20040625,1119,1127,20040813,〃,0,,0.1,,,,,,,,,0,0,0,0,0,0,0,0,0,,,,,,,,,,,,,,,,,,,,,,,,,,,,,,,,,,,,,
20040712,20040713,1217,1225,20040813,〃,0,,0.1,,,,,,,,,0,0,0,0,0,0,0,0,0,,,,,,,,,,,,,,,,,,,,,,,,,,,,,,,,,,,,,
20040809,20040810,1138,1146,20040914,〃,0,,0.1,,,,,,,,,0,0,0,0,0,0,0,0,0,,,,,,,,,,,,,,,,,,,,,,,,,,,,,,,,,,,,,
20040908,20040909,1126,1134,20041018,〃,0,,0.1,,,,,,,,,0,0,0,0,0,0,0,0,0,,,,,,,,,,,,,,,,,,,,,,,,,,,,,,,,,,,,,
20041012,20041013,1156,1204,20041124,〃,0,,0.1,,,,,,,,,0,0,0,0,0,0,0,0,0,,,,,,,,,,,,,,,,,,,,,,,,,,,,,,,,,,,,,
20041029,20041029,1301,1309,20041222,〃,0,,0.1,,,,,,,,,0,0,0,0,0,0,0,0,0,,,,,,,,,,,,,,,,,,,,,,,,,,,,,,,,,,,,,
20041117,20041118,1158,1206,20041222,〃,0,,0.1,,,,,,,,,0,0,0,0,0,0,0,0,0,,,,,,,,,,,,,,,,,,,,,,,,,,,,,,,,,,,,,
20041216,20041217,1232,1240,20050124,〃,0,,0.1,,,,,,,,,0,,0,0,0,0,0,0,0,0,,,,,,,,,,,,,,,,,,,,,,,,,,,,,,,,,,,,
20050118,20050119,1228,1236,20050222,〃,0,,0.1,,,,,,,,,0,,0,0,0,0,0,0,0,0,,,,,,,,,,,,,,,,,,,,,,,,,,,,,,,,,,,,
20050216,20050217,1200,1208,20050322,〃,0,,0.1,,,,,,,,,0,,0,0,0,0,0,0,0,0,,,,,,,,,,,,,,,,,,,,,,,,,,,,,,,,,,,,
20050315,20050316,1239,1247,20050509,〃,0,,0.1,,,,,,,,,0,,0,0,0,0,0,0,0,0,,,,,,,,,,,,,,,,,,,,,,,,,,,,,,,,,,,,
20050405,20050406,1302,1310,20050525,〃,0,,0.1,,,,,,,,,0,,0,0,1,0,0,0,0,0,,,,,,,,,,,,,,,,,,,,,,,,,,,,,,,,,,,,
20050428,20050428,1304,1312,20050620,〃,0,,0.1,,,,,,,,,,,0,0,1,0,0,0,0,1,0,,,,,,,,,,,,,,,,,,,,,,,,,,,,,,,,,,,
20050519,20050520,1242,1250,20050620,〃,0,,0.1,,,,,,,,,,,0,0,1,0,0,0,0,1,0,,,,,,,,,,,,,,,,,,,,,,,,,,,,,,,,,,,
20050614,20050615,1258,1306,20050719,〃,0,,0.1,,,,,,,,,,,0,0,1,0,0,0,0,1,0,,,,,,,,,,,,,,,,,,,,,,,,,,,,,,,,,,,
20050712,20050713,1248,1256,20050812,〃,0,,0.1,,,,,,,,,,,0,0,1,0,0,0,0,1,0,,,,,,,,,,,,,,,,,,,,,,,,,,,,,,,,,,,
20050727,20050727,1133,1141,20050913,〃,0,,0.1,,,,,,,,,,,0,0,1,0,0,0,0,1,0,,,,,,,,,,,,,,,,,,,,,,,,,,,,,,,,,,,
20050808,20050809,1143,1151,20050913,〃,0,,0.1,,,,,,,,,,,0,0,1,0,0,0,0,1,0,,,,,,,,,,,,,,,,,,,,,,,,,,,,,,,,,,,
20050907,20050908,1226,1234,20051017,〃,0,,0.1,,,,,,,,,,,0,0,1,0,0,0,0,1,0,,,,,,,,,,,,,,,,,,,,,,,,,,,,,,,,,,,
20051011,20051012,1217,1225,20051124,〃,0,,0.1,,,,,,,,,,,0,0,1,0,0,0,0,1,0,,,,,,,,,,,,,,,,,,,,,,,,,,,,,,,,,,,
20051031,20051031,1246,1254,20051221,〃,0,,0.1,,,,,,,,,,,0,0,1,0,0,0,0,1,0,,,,,,,,,,,,,,,,,,,,,,,,,,,,,,,,,,,
20051117,20051118,1241,1249,20051221,〃,0,,0.1,,,,,,,,,,,0,0,1,0,0,0,0,1,0,,,,,,,,,,,,,,,,,,,,,,,,,,,,,,,,,,,
20051215,20051216,1227,1235,20060125,〃,0,,0.1,,,,,,,,,,,0,0,1,0,0,0,0,1,0,,,,,,,,,,,,,,,,,,,,,,,,,,,,,,,,,,,
20060119,20060120,1250,1258,20060314,〃,0,,0.1,,,,,,,,,,,0,0,1,0,0,0,0,1,0,,,,,,,,,,,,,,,,,,,,,,,,,,,,,,,,,,,
20060208,20060209,1214,1222,20060314,〃,0,,0.1,,,,,,,,,,,0,0,1,0,0,0,0,1,0,,,,,,,,,,,,,,,,,,,,,,,,,,,,,,,,,,,
20060308,20060309,1407,1415,20060414,"無担保コールレート（オーバーナイト物）を、概ねゼロ％で推移するよう促す。
「新たな金融政策運営の枠組みの導入について」",0,,0.1,,,,,,,,,,,0,1,0,0,0,0,0,0,0,,,,,,,,,,,,,,,,,,,,,,,,,,,,,,,,,,,
20060410,20060411,1243,1251,20060524,〃,0,,0.1,,,,,,,,,,,0,0,0,0,0,0,0,0,0,,,,,,,,,,,,,,,,,,,,,,,,,,,,,,,,,,,
20060428,20060428,1239,1247,20060620,〃,0,,0.1,,,,,,,,,,,0,0,0,0,0,0,0,0,0,,,,,,,,,,,,,,,,,,,,,,,,,,,,,,,,,,,
20060518,20060519,1203,1211,20060620,〃,0,,0.1,,,,,,,,,,,0,0,0,0,0,0,0,0,0,,,,,,,,,,,,,,,,,,,,,,,,,,,,,,,,,,,
20060614,20060615,1206,1214,20060720,〃,0,,0.1,,,,,,,,,,,0,0,0,0,0,0,0,0,0,,,,,,,,,,,,,,,,,,,,,,,,,,,,,,,,,,,
20060713,20060714,1330,1340,20060816,無担保コールレート（オーバーナイト物）を、0.25％前後で推移するよう促す。,0.25,,0.4,,,,,,,,,,,0,,0,0,0,0,0,0,0,0,,,,,,,,,,,,,,,,,,,,,,,,,,,,,,,,,,
20060810,20060811,1211,1217,20060913,〃,0.25,,0.4,,,,,,,,,,,0,,0,0,0,0,0,0,0,0,,,,,,,,,,,,,,,,,,,,,,,,,,,,,,,,,,
20060907,20060908,1232,1237,20061018,〃,0.25,,0.4,,,,,,,,,,,0,,0,0,0,0,0,0,0,0,,,,,,,,,,,,,,,,,,,,,,,,,,,,,,,,,,
20061012,20061013,1243,1247,20061121,〃,0.25,,0.4,,,,,,,,,,,0,,0,0,0,0,0,0,0,0,,,,,,,,,,,,,,,,,,,,,,,,,,,,,,,,,,
20061031,20061031,1244,1247,20061222,〃,0.25,,0.4,,,,,,,,,,,0,,0,0,0,0,0,0,0,0,,,,,,,,,,,,,,,,,,,,,,,,,,,,,,,,,,
20061115,20061116,1220,1224,20061222,〃,0.25,,0.4,,,,,,,,,,,0,,0,0,0,0,0,0,0,0,,,,,,,,,,,,,,,,,,,,,,,,,,,,,,,,,,
20061218,20061219,1222,1226,20070123,〃,0.25,,0.4,,,,,,,,,,,0,,0,0,0,0,0,0,0,0,,,,,,,,,,,,,,,,,,,,,,,,,,,,,,,,,,
20070117,20070118,1301,1305,20070226,〃,0.25,,0.4,,,,,,,,,,,1,,0,0,0,0,0,1,0,1,,,,,,,,,,,,,,,,,,,,,,,,,,,,,,,,,,
20070220,20070221,1415,1419,20070326,無担保コールレート（オーバーナイト物）を、0.5％前後で推移するよう促す。,0.5,,0.75,,,,,,,,,,,0,,0,0,0,0,1,0,0,0,,,,,,,,,,,,,,,,,,,,,,,,,,,,,,,,,,
20070319,20070320,1236,1240,20070507,〃,0.5,,0.75,,,,,,,,,,,0,,0,0,0,0,0,0,0,0,,,,,,,,,,,,,,,,,,,,,,,,,,,,,,,,,,
20070409,20070410,1241,1248,20070522,〃,0.5,,0.75,,,,,,,,,,,0,,,,0,0,0,0,0,0,0,0,,,,,,,,,,,,,,,,,,,,,,,,,,,,,,,,
20070427,20070427,1403,1407,20070620,〃,0.5,,0.75,,,,,,,,,,,0,,,,0,0,0,0,0,0,0,0,,,,,,,,,,,,,,,,,,,,,,,,,,,,,,,,
20070516,20070517,1237,1241,20070620,〃,0.5,,0.75,,,,,,,,,,,0,,,,0,0,0,0,0,0,0,0,,,,,,,,,,,,,,,,,,,,,,,,,,,,,,,,
20070614,20070615,1214,1218,20070718,〃,0.5,,0.75,,,,,,,,,,,0,,,,0,0,0,0,0,0,0,0,,,,,,,,,,,,,,,,,,,,,,,,,,,,,,,,
20070711,20070712,1250,1255,20070828,〃,0.5,,0.75,,,,,,,,,,,0,,,,0,0,0,1,0,0,0,0,,,,,,,,,,,,,,,,,,,,,,,,,,,,,,,,
20070822,20070823,1231,1235,20070925,〃,0.5,,0.75,,,,,,,,,,,0,,,,0,0,0,1,0,0,0,0,,,,,,,,,,,,,,,,,,,,,,,,,,,,,,,,
20070918,20070919,1317,1321,20071105,〃,0.5,,0.75,,,,,,,,,,,0,,,,0,0,0,1,0,0,0,0,,,,,,,,,,,,,,,,,,,,,,,,,,,,,,,,
20071010,20071011,1328,1332,20071116,〃,0.5,,0.75,,,,,,,,,,,0,,,,0,0,0,1,0,0,0,0,,,,,,,,,,,,,,,,,,,,,,,,,,,,,,,,
20071031,20071031,1238,1242,20071226,〃,0.5,,0.75,,,,,,,,,,,0,,,,0,0,0,1,0,0,0,0,,,,,,,,,,,,,,,,,,,,,,,,,,,,,,,,
20071112,20071113,1225,1229,20071226,〃,0.5,,0.75,,,,,,,,,,,0,,,,0,0,0,1,0,0,0,0,,,,,,,,,,,,,,,,,,,,,,,,,,,,,,,,
20071219,20071220,1247,1251,20080125,〃,0.5,,0.75,,,,,,,,,,,0,,,,0,0,0,0,0,0,0,0,,,,,,,,,,,,,,,,,,,,,,,,,,,,,,,,
20080121,20080122,1215,1219,20080220,〃,0.5,,0.75,,,,,,,,,,,0,,,,0,0,0,0,0,0,0,0,,,,,,,,,,,,,,,,,,,,,,,,,,,,,,,,
20080214,20080215,1247,1251,20080312,〃,0.5,,0.75,,,,,,,,,,,0,,,,0,0,0,0,0,0,0,0,,,,,,,,,,,,,,,,,,,,,,,,,,,,,,,,
20080306,20080307,1248,1252,20080414,〃,0.5,,0.75,,,,,,,,,,,0,,,,0,0,0,0,0,0,0,0,,,,,,,,,,,,,,,,,,,,,,,,,,,,,,,,
20080408,20080409,1220,1224,20080523,〃,0.5,,0.75,,,,,,,,,,,0,,,,,,,0,,0,0,0,0,0,,,,,,,,,,,,,,,,,,,,,,,,,,,,,,
20080430,20080430,1324,1328,20080618,〃,0.5,,0.75,,,,,,,,,,,0,,,,,,,0,,0,0,0,,0,0,,,,,,,,,,,,,,,,,,,,,,,,,,,,,
20080519,20080520,1200,1204,20080618,〃,0.5,,0.75,,,,,,,,,,,0,,,,,,,0,,0,0,0,,0,0,,,,,,,,,,,,,,,,,,,,,,,,,,,,,
20080612,20080613,1219,1223,20080718,〃,0.5,,0.75,,,,,,,,,,,0,,,,,,,0,,0,0,0,,0,0,,,,,,,,,,,,,,,,,,,,,,,,,,,,,
20080714,20080715,1319,1334,20080822,〃,0.5,,0.75,,,,,,,,,,,0,,,,,,,0,,0,0,0,,0,0,,,,,,,,,,,,,,,,,,,,,,,,,,,,,
20080818,20080819,1225,1230,20080922,〃,0.5,,0.75,,,,,,,,,,,0,,,,,,,0,,0,0,0,,0,0,,,,,,,,,,,,,,,,,,,,,,,,,,,,,
20080916,20080917,1242,1247,20081010,〃,0.5,,0.75,,,,,,,,,,,0,,,,,,,0,,0,0,0,,0,0,,,,,,,,,,,,,,,,,,,,,,,,,,,,,
20080918,20080918,1542,1600,20081010,〃,0.5,,0.75,,,,,,,,,,,0,,,,,,,0,,0,0,0,,0,0,,,,,,,,,,,,,,,,,,,,,,,,,,,,,
20080929,20080929,2245,2300,20081106,〃,0.5,,0.75,,,,,,,,,,,0,,,,,,,0,,0,0,0,,0,0,,,,,,,,,,,,,,,,,,,,,,,,,,,,,
20081006,20081007,1253,1258,20081106,〃,0.5,,0.75,,,,,,,,,,,0,,,,,,,0,,0,0,0,,0,0,,,,,,,,,,,,,,,,,,,,,,,,,,,,,
20081014,20081014,2134,2138,20081127,〃,0.5,,0.75,,,,,,,,,,,0,,,,,,,0,,0,0,0,,0,0,,,,,,,,,,,,,,,,,,,,,,,,,,,,,
20081031,20081031,1353,1358,20081127,無担保コールレート（オーバーナイト物）の誘導目標を0.2％引き下げ、0.3％前後で推移するよう促す。,0.3,0.1,0.5,,,,,,,,,,,1,,,,,,,1,,0,1,1,,0,0,0,,,,,,,,,,,,,,,,,,,,,,,,,,,,
20081120,20081121,1229,1234,20081225,無担保コールレート（オーバーナイト物）を、0.3％前後で推移するよう促す。,0.3,0.1,0.5,,,,,,,,,,,0,,,,,,,0,,0,0,0,,0,0,0,,,,,,,,,,,,,,,,,,,,,,,,,,,,
20081202,20081202,1429,1434,20090127,〃,0.3,0.1,0.5,,,,,,,,,,,0,,,,,,,0,,0,0,0,,0,0,0,,,,,,,,,,,,,,,,,,,,,,,,,,,,
20081218,20081219,1400,1405,20090127,無担保コールレート（オーバーナイト物）の誘導目標を0.2％引き下げ、 0.1％前後で推移するよう促す。,0.1,0.1,0.3,,,,,,,,,,,0,,,,,,,0,,1,0,0,,0,0,0,,,,,,,,,,,,,,,,,,,,,,,,,,,,
20090121,20090122,1338,1343,20090224,無担保コールレート（オーバーナイト物）を、0.1％前後で推移するよう促す。,0.1,0.1,0.3,,,,,,,,,,,0,,,,,,,0,,0,0,0,,0,0,0,,,,,,,,,,,,,,,,,,,,,,,,,,,,
20090218,20090219,1347,1352,20090324,〃,0.1,0.1,0.3,,,,,,,,,,,0,,,,,,,0,,0,0,0,,0,0,0,,,,,,,,,,,,,,,,,,,,,,,,,,,,
20090317,20090318,1222,1227,20090410,〃,0.1,0.1,0.3,,,,,,,,,,,0,,,,,,,0,,0,0,0,,0,0,0,,,,,,,,,,,,,,,,,,,,,,,,,,,,
20090406,20090407,1217,1222,20090508,〃,0.1,0.1,0.3,,,,,,,,,,,0,,,,,,,0,,0,0,0,,0,0,0,,,,,,,,,,,,,,,,,,,,,,,,,,,,
20090430,20090430,1332,1337,20090527,〃,0.1,0.1,0.3,,,,,,,,,,,0,,,,,,,0,,0,0,0,,0,0,0,,,,,,,,,,,,,,,,,,,,,,,,,,,,
20090521,20090522,1228,1233,20090619,〃,0.1,0.1,0.3,,,,,,,,,,,0,,,,,,,0,,0,0,0,,0,0,0,,,,,,,,,,,,,,,,,,,,,,,,,,,,
20090615,20090616,1229,1234,20090721,〃,0.1,0.1,0.3,,,,,,,,,,,0,,,,,,,0,,0,0,0,,0,0,0,,,,,,,,,,,,,,,,,,,,,,,,,,,,
20090714,20090715,1330,1335,20090814,〃,0.1,0.1,0.3,,,,,,,,,,,0,,,,,,,0,,0,0,0,,0,0,0,,,,,,,,,,,,,,,,,,,,,,,,,,,,
20090810,20090811,1146,1151,20090925,〃,0.1,0.1,0.3,,,,,,,,,,,0,,,,,,,0,,0,0,0,,0,0,0,,,,,,,,,,,,,,,,,,,,,,,,,,,,
20090916,20090917,1234,1239,20091019,〃,0.1,0.1,0.3,,,,,,,,,,,0,,,,,,,0,,0,0,0,,0,0,0,,,,,,,,,,,,,,,,,,,,,,,,,,,,
20091013,20091014,1309,1314,20091105,〃,0.1,0.1,0.3,,,,,,,,,,,0,,,,,,,0,,0,0,0,,0,0,0,,,,,,,,,,,,,,,,,,,,,,,,,,,,
20091030,20091030,1300,1305,20091126,〃,0.1,0.1,0.3,,,,,,,,,,,0,,,,,,,0,,0,0,0,,0,0,0,,,,,,,,,,,,,,,,,,,,,,,,,,,,
20091119,20091120,1230,1235,20091224,〃,0.1,0.1,0.3,,,,,,,,,,,0,,,,,,,0,,0,0,0,,0,0,0,,,,,,,,,,,,,,,,,,,,,,,,,,,,
20091201,20091201,1533,1538,20100129,〃,0.1,0.1,0.3,,,,,,,,,,,0,,,,,,,0,,0,0,0,,0,0,0,,,,,,,,,,,,,,,,,,,,,,,,,,,,
20091217,20091218,1208,1213,20100129,〃,0.1,0.1,0.3,,,,,,,,,,,0,,,,,,,,,0,0,0,,0,0,0,,,,,,,,,,,,,,,,,,,,,,,,,,,,
20100125,20100126,1221,1226,20100223,〃,0.1,0.1,0.3,,,,,,,,,,,0,,,,,,,,,0,0,0,,0,0,0,,,,,,,,,,,,,,,,,,,,,,,,,,,,
20100217,20100218,1140,1145,20100323,〃,0.1,0.1,0.3,,,,,,,,,,,0,,,,,,,,,0,0,0,,0,0,0,,,,,,,,,,,,,,,,,,,,,,,,,,,,
20100316,20100317,1244,1249,20100412,〃,0.1,0.1,0.3,,,,,,,,,,,0,,,,,,,,,0,0,0,,0,0,0,,,,,,,,,,,,,,,,,,,,,,,,,,,,
20100406,20100407,1158,1203,20100510,〃,0.1,0.1,0.3,,,,,,,,,,,0,,,,,,,,,0,0,0,,0,0,0,0,,,,,,,,,,,,,,,,,,,,,,,,,,,
20100430,20100430,1313,1318,20100526,〃,0.1,0.1,0.3,,,,,,,,,,,0,,,,,,,,,0,0,0,,0,0,0,0,,,,,,,,,,,,,,,,,,,,,,,,,,,
20100510,20100510,1206,1211,20100618,〃,0.1,0.1,0.3,,,,,,,,,,,0,,,,,,,,,0,0,0,,0,0,0,0,,,,,,,,,,,,,,,,,,,,,,,,,,,
20100520,20100521,1237,1242,20100618,〃,0.1,0.1,0.3,,,,,,,,,,,0,,,,,,,,,0,0,0,,0,0,0,0,,,,,,,,,,,,,,,,,,,,,,,,,,,
20100614,20100615,1251,1256,20100721,〃,0.1,0.1,0.3,,,,,,,,,,,0,,,,,,,,,0,0,0,,0,0,0,0,,,,,,,,,,,,,,,,,,,,,,,,,,,
20100714,20100715,1240,1245,20100813,〃,0.1,0.1,0.3,,,,,,,,,,,0,,,,,,,,,0,0,0,,0,0,0,0,0,,,,,,,,,,,,,,,,,,,,,,,,,,
20100809,20100810,1223,1228,20100910,〃,0.1,0.1,0.3,,,,,,,,,,,0,,,,,,,,,0,0,0,,0,0,0,0,0,,,,,,,,,,,,,,,,,,,,,,,,,,
20100830,20100830,1206,1211,20101008,〃,0.1,0.1,0.3,,,,,,,,,,,0,,,,,,,,,0,0,0,,0,0,0,0,0,,,,,,,,,,,,,,,,,,,,,,,,,,
20100906,20100907,1234,1239,20101008,〃,0.1,0.1,0.3,,,,,,,,,,,0,,,,,,,,,0,0,0,,0,0,0,0,0,,,,,,,,,,,,,,,,,,,,,,,,,,
20101004,20101005,1333,1338,20101102,"無担保コールレート（オーバーナイト物）を、0〜0.1％程度で 推移するよう促す。
「中長期的な物価安定の理解」に基づく時間軸の明確化
資産買入等の基金の創設",0.1,0.1,0.3,,,,,,,,,,,0,,,,,,,,,0,0,0,,0,0,0,0,0,,,,,,,,,,,,,,,,,,,,,,,,,,
20101028,20101028,1326,1331,20101227,"無担保コールレート（オーバーナイト物）を、0〜0.1％程度で 推移するよう促す。
資産買い入れ等の基金を35兆円程度とする。",0.1,0.1,0.3,,,,,,,,,,,0,,,,,,,,,0,0,0,,0,0,0,0,0,,,,,,,,,,,,,,,,,,,,,,,,,,
20101104,20101105,1131,1136,20101227,〃,0.1,0.1,0.3,,,,,,,,,,,0,,,,,,,,,0,0,0,,0,0,0,0,0,,,,,,,,,,,,,,,,,,,,,,,,,,
20101220,20101221,1250,1255,20110128,〃,0.1,0.1,0.3,,,,,,,,,,,0,,,,,,,,,0,0,0,,0,0,0,0,0,,,,,,,,,,,,,,,,,,,,,,,,,,
20110124,20110125,1224,1229,20110218,〃,0.1,0.1,0.3,,,,,,,,,,,0,,,,,,,,,0,0,0,,0,0,0,0,0,,,,,,,,,,,,,,,,,,,,,,,,,,
20110214,20110215,1232,1237,20110318,〃,0.1,0.1,0.3,,,,,,,,,,,0,,,,,,,,,0,0,0,,0,0,0,0,0,,,,,,,,,,,,,,,,,,,,,,,,,,
20110314,20110314,1445,1448,20110412,"無担保コールレート（オーバーナイト物）を、0〜0.1％程度で推移するよう促す。
こうした調節方針のもとで、金融市場における需要を十分満たす潤沢な資金供給を行い、金融市場の安定確保に万全を期していく。 
資産買い入れ等の基金を40兆円程度とする。",0.1,0.1,0.3,,,,,,,,,,,0,,,,,,,,,0,0,0,,0,0,0,0,0,,,,,,,,,,,,,,,,,,,,,,,,,,
20110406,20110407,1305,1310,20110509,"無担保コールレート（オーバーナイト物）を、0〜0.1％程度で推移するよう促す。
資産買い入れ等の基金を40兆円程度とする。",0.1,0.1,0.3,,,,,,,,,,,,,,,,,,,,0,0,0,,0,0,0,0,0,0,,,,,,,,,,,,,,,,,,,,,,,,,
20110428,20110428,1326,1331,20110525,〃,0.1,0.1,0.3,,,,,,,,,,,,,,,,,,,,0,0,0,,0,0,0,0,0,0,,,,,,,,,,,,,,,,,,,,,,,,,
20110519,20110520,1209,1214,20110617,〃,0.1,0.1,0.3,,,,,,,,,,,,,,,,,,,,0,0,0,,0,0,0,0,0,0,,,,,,,,,,,,,,,,,,,,,,,,,
20110613,20110614,1237,1242,20110715,〃,0.1,0.1,0.3,,,,,,,,,,,,,,,,,,,,0,0,0,,0,0,0,0,0,0,,,,,,,,,,,,,,,,,,,,,,,,,
20110711,20110712,1315,1320,20110810,〃,0.1,0.1,0.3,,,,,,,,,,,,,,,,,,,,,0,0,,0,0,0,0,0,0,0,,,,,,,,,,,,,,,,,,,,,,,,
20110804,20110804,1355,1400,20110912,"無担保コールレート（オーバーナイト物）を、0〜0.1％程度で推移するよう促す。
資産買い入れ等の基金を50兆円程度とする。",0.1,0.1,0.3,,,,,,,,,,,,,,,,,,,,,0,0,,0,0,0,0,0,0,0,,,,,,,,,,,,,,,,,,,,,,,,
20110906,20110907,1216,1221,20111013,〃,0.1,0.1,0.3,,,,,,,,,,,,,,,,,,,,,0,0,,0,0,0,0,0,0,0,,,,,,,,,,,,,,,,,,,,,,,,
20111006,20111007,1232,1237,20111101,〃,0.1,0.1,0.3,,,,,,,,,,,,,,,,,,,,,0,0,,0,0,0,0,0,0,0,,,,,,,,,,,,,,,,,,,,,,,,
20111027,20111027,1326,1331,20111121,"無担保コールレート（オーバーナイト物）を、0〜0.1％程度で推移するよう促す。
資産買い入れ等の基金を55兆円程度とする。",0.1,0.1,0.3,,,,,,,,,,,,,,,,,,,,,0,0,,0,0,0,0,0,0,0,,,,,,,,,,,,,,,,,,,,,,,,
20111115,20111116,1244,1249,20111227,〃,0.1,0.1,0.3,,,,,,,,,,,,,,,,,,,,,0,0,,0,0,0,0,0,0,0,,,,,,,,,,,,,,,,,,,,,,,,
20111130,20111130,2143,2200,20111227,〃,0.1,0.1,0.3,,,,,,,,,,,,,,,,,,,,,0,0,,0,0,0,0,0,0,0,,,,,,,,,,,,,,,,,,,,,,,,
20111220,20111221,1211,1216,20120127,〃,0.1,0.1,0.3,,,,,,,,,,,,,,,,,,,,,0,0,,0,0,0,0,0,0,0,,,,,,,,,,,,,,,,,,,,,,,,
20120123,20120124,1226,1231,20120217,〃,0.1,0.1,0.3,,,,,,,,,,,,,,,,,,,,,0,0,,0,0,0,0,0,0,0,,,,,,,,,,,,,,,,,,,,,,,,
20120213,20120214,1238,1243,20120316,"無担保コールレート（オーバーナイト物）を、0〜0.1％程度で推移するよう促す。
資産買い入れ等の基金を65兆円程度とする。",0.1,0.1,0.3,,,,,,,,,,,,,,,,,,,,,0,0,,0,0,0,0,0,0,0,,,,,,,,,,,,,,,,,,,,,,,,
20120312,20120313,1402,1407,20120413,〃,0.1,0.1,0.3,,,,,,,,,,,,,,,,,,,,,0,0,,0,0,0,0,0,0,0,,,,,,,,,,,,,,,,,,,,,,,,
20120409,20120410,1204,1209,20120507,〃,0.1,0.1,0.3,,,,,,,,,,,,,,,,,,,,,,,,0,0,0,0,0,0,0,,,,,,,,,,,,,,,,,,,,,,,,
20120427,20120427,1241,1246,20120528,"無担保コールレート（オーバーナイト物）を、0〜0.1％程度で推移するよう促す。
資産買い入れ等の基金を70兆円程度とする。",0.1,0.1,0.3,,,,,,,,,,,,,,,,,,,,,,,,0,0,0,0,0,0,0,,,,,,,,,,,,,,,,,,,,,,,,
20120522,20120523,1132,1137,20120620,〃,0.1,0.1,0.3,,,,,,,,,,,,,,,,,,,,,,,,0,0,0,0,0,0,0,,,,,,,,,,,,,,,,,,,,,,,,
20120614,20120615,1147,1152,20120718,〃,0.1,0.1,0.3,,,,,,,,,,,,,,,,,,,,,,,,0,0,0,0,0,0,0,,,,,,,,,,,,,,,,,,,,,,,,
20120711,20120712,1246,1251,20120814,〃,0.1,0.1,0.3,,,,,,,,,,,,,,,,,,,,,,,,0,0,0,0,0,0,0,,,,,,,,,,,,,,,,,,,,,,,,
20120808,20120809,1214,1219,20120924,〃,0.1,0.1,0.3,,,,,,,,,,,,,,,,,,,,,,,,0,0,0,0,0,0,0,0,0,,,,,,,,,,,,,,,,,,,,,,
20120918,20120919,1239,1244,20121011,"無担保コールレート（オーバーナイト物）を、0〜0.1％程度で推移するよう促す。
資産買い入れ等の基金を80兆円程度とする。",0.1,0.1,0.3,,,,,,,,,,,,,,,,,,,,,,,,0,0,0,0,0,0,0,0,0,,,,,,,,,,,,,,,,,,,,,,
20121004,20121005,1209,1214,20121102,〃,0.1,0.1,0.3,,,,,,,,,,,,,,,,,,,,,,,,0,0,0,0,0,0,0,0,0,,,,,,,,,,,,,,,,,,,,,,
20121030,20121030,1441,1446,20121126,"無担保コールレート（オーバーナイト物）を、0〜0.1％程度で推移するよう促す。
資産買い入れ等の基金を91兆円程度とする。",0.1,0.1,0.3,,,,,,,,,,,,,,,,,,,,,,,,0,0,0,0,0,0,0,0,0,,,,,,,,,,,,,,,,,,,,,,
20121119,20121120,1209,1214,20121226,〃,0.1,0.1,0.3,,,,,,,,,,,,,,,,,,,,,,,,0,0,0,0,0,0,0,0,0,,,,,,,,,,,,,,,,,,,,,,
20121219,20121220,1256,1301,20130125,"無担保コールレート（オーバーナイト物）を、0〜0.1％程度で推移するよう促す。
資産買い入れ等の基金を101兆円程度とする。",0.1,0.1,0.3,,,,,,,,,,,,,,,,,,,,,,,,0,0,0,0,0,0,0,0,0,,,,,,,,,,,,,,,,,,,,,,
20130121,20130122,1242,1247,20130219,"無担保コールレート（オーバーナイト物）を、0〜0.1％程度で推移するよう促す。
資産買い入れ等の基金を101兆円程度とする。
「物価安定の目標」の導入。
政府日本銀行の共同声明",0.1,0.1,0.3,,,,,,,,,,,,,,,,,,,,,,,,0,0,0,0,0,0,0,0,0,,,,,,,,,,,,,,,,,,,,,,
20130213,20130214,1234,1239,20130312,"無担保コールレート（オーバーナイト物）を、0〜0.1％程度で推移するよう促す。
資産買い入れ等の基金を101兆円程度とする。",0.1,0.1,0.3,,,,,,,,,,,,,,,,,,,,,,,,0,0,0,0,0,0,0,0,0,,,,,,,,,,,,,,,,,,,,,,
20130306,20130307,1219,1224,20130409,〃,0.1,0.1,0.3,,,,,,,,,,,,,,,,,,,,,,,,0,0,0,0,0,0,0,0,0,,,,,,,,,,,,,,,,,,,,,,
20130403,20130404,1335,1340,20130502,マネタリーベースが、年間約60〜70兆円に相当するペースで増加するよ う金融市場調節を行う。「マネタリーベース・コントロールの採用」,0.1,0.1,0.3,,,,,,,,,,,,,,,,,,,,,,,,,,,0,0,0,0,0,0,0,0,0,,,,,,,,,,,,,,,,,,,
20130426,20130426,1330,1335,20130527,〃,0.1,0.1,0.3,,,,,,,,,,,,,,,,,,,,,,,,,,,0,0,0,0,0,0,0,0,0,,,,,,,,,,,,,,,,,,,
20130521,20130522,1202,1207,20130614,〃,0.1,0.1,0.3,,,,,,,,,,,,,,,,,,,,,,,,,,,0,0,0,0,0,0,0,0,0,,,,,,,,,,,,,,,,,,,
20130610,20130611,1143,1148,20130717,〃,0.1,0.1,0.3,,,,,,,,,,,,,,,,,,,,,,,,,,,0,0,0,0,0,0,0,0,0,,,,,,,,,,,,,,,,,,,
20130710,20130711,1142,1147,20130813,〃,0.1,0.1,0.3,,,,,,,,,,,,,,,,,,,,,,,,,,,0,0,0,0,0,0,0,0,0,,,,,,,,,,,,,,,,,,,
20130807,20130808,1154,1159,20130910,〃,0.1,0.1,0.3,,,,,,,,,,,,,,,,,,,,,,,,,,,0,0,0,0,0,0,0,0,0,,,,,,,,,,,,,,,,,,,
20130904,20130905,1137,1142,20131009,〃,0.1,0.1,0.3,,,,,,,,,,,,,,,,,,,,,,,,,,,0,0,0,0,0,0,0,0,0,,,,,,,,,,,,,,,,,,,
20131003,20131004,1144,1149,20131106,〃,0.1,0.1,0.3,,,,,,,,,,,,,,,,,,,,,,,,,,,0,0,0,0,0,0,0,0,0,,,,,,,,,,,,,,,,,,,
20131031,20131031,1309,1314,20131126,〃,0.1,0.1,0.3,,,,,,,,,,,,,,,,,,,,,,,,,,,0,0,0,0,0,0,0,0,0,,,,,,,,,,,,,,,,,,,
20131120,20131121,1210,1215,20131226,〃,0.1,0.1,0.3,,,,,,,,,,,,,,,,,,,,,,,,,,,0,0,0,0,0,0,0,0,0,,,,,,,,,,,,,,,,,,,
20131219,20131220,1152,1157,20140127,〃,0.1,0.1,0.3,,,,,,,,,,,,,,,,,,,,,,,,,,,0,0,0,0,0,0,0,0,0,,,,,,,,,,,,,,,,,,,
20140121,20140122,1215,1220,20140221,〃,0.1,0.1,0.3,,,,,,,,,,,,,,,,,,,,,,,,,,,0,0,0,0,0,0,0,0,0,,,,,,,,,,,,,,,,,,,
20140217,20140218,1223,1228,20140314,〃,0.1,0.1,0.3,,,,,,,,,,,,,,,,,,,,,,,,,,,0,0,0,0,0,0,0,0,0,,,,,,,,,,,,,,,,,,,
20140310,20140311,1155,1200,20140411,〃,0.1,0.1,0.3,,,,,,,,,,,,,,,,,,,,,,,,,,,0,0,0,0,0,0,0,0,0,,,,,,,,,,,,,,,,,,,
20140407,20140408,1145,1150,20140507,〃,0.1,0.1,0.3,,,,,,,,,,,,,,,,,,,,,,,,,,,0,0,0,0,0,0,0,0,0,,,,,,,,,,,,,,,,,,,
20140430,20140430,1246,1251,20140526,〃,0.1,0.1,0.3,,,,,,,,,,,,,,,,,,,,,,,,,,,0,0,0,0,0,0,0,0,0,,,,,,,,,,,,,,,,,,,
20140520,20140521,1136,1141,20140618,〃,0.1,0.1,0.3,,,,,,,,,,,,,,,,,,,,,,,,,,,0,0,0,0,0,0,0,0,0,,,,,,,,,,,,,,,,,,,
20140612,20140613,1136,1141,20140718,〃,0.1,0.1,0.3,,,,,,,,,,,,,,,,,,,,,,,,,,,0,0,0,0,0,0,0,0,0,,,,,,,,,,,,,,,,,,,
20140714,20140715,1153,1158,20140813,〃,0.1,0.1,0.3,,,,,,,,,,,,,,,,,,,,,,,,,,,0,0,0,0,0,0,0,0,0,,,,,,,,,,,,,,,,,,,
20140807,20140808,1203,1208,20140909,〃,0.1,0.1,0.3,,,,,,,,,,,,,,,,,,,,,,,,,,,0,0,0,0,0,0,0,0,0,,,,,,,,,,,,,,,,,,,
20140903,20140904,1202,1207,20141010,〃,0.1,0.1,0.3,,,,,,,,,,,,,,,,,,,,,,,,,,,0,0,0,0,0,0,0,0,0,,,,,,,,,,,,,,,,,,,
20141006,20141007,1349,1354,20141106,〃,0.1,0.1,0.3,,,,,,,,,,,,,,,,,,,,,,,,,,,0,0,0,0,0,0,0,0,0,,,,,,,,,,,,,,,,,,,
20141031,20141031,1339,1344,20141125,マネタリーベースが、年間約80兆円に相当するペースで増加するよう金融市場調節を行う。,0.1,0.1,0.3,,,,,,,,,,,,,,,,,,,,,,,,,,,0,1,0,1,1,1,0,0,0,,,,,,,,,,,,,,,,,,,
20141118,20141119,1219,1224,20141225,〃,0.1,0.1,0.3,,,,,,,,,,,,,,,,,,,,,,,,,,,0,0,0,0,0,1,0,0,0,,,,,,,,,,,,,,,,,,,
20141218,20141219,1223,1228,20150126,〃,0.1,0.1,0.3,,,,,,,,,,,,,,,,,,,,,,,,,,,0,0,0,0,0,1,0,0,0,,,,,,,,,,,,,,,,,,,
20150120,20150121,1224,1229,20150223,〃,0.1,0.1,0.3,,,,,,,,,,,,,,,,,,,,,,,,,,,0,0,0,0,0,1,0,0,0,,,,,,,,,,,,,,,,,,,
20150217,20150218,1144,1149,20150320,〃,0.1,0.1,0.3,,,,,,,,,,,,,,,,,,,,,,,,,,,0,0,0,0,0,1,0,0,0,,,,,,,,,,,,,,,,,,,
20150316,20150317,1159,1204,20150413,〃,0.1,0.1,0.3,,,,,,,,,,,,,,,,,,,,,,,,,,,0,0,0,0,0,1,0,0,0,,,,,,,,,,,,,,,,,,,
20150407,20150408,1231,1236,20150508,〃,0.1,0.1,0.3,,,,,,,,,,,,,,,,,,,,,,,,,,,,0,0,0,0,1,0,0,0,0,,,,,,,,,,,,,,,,,,
20150430,20150430,1259,1304,20150527,〃,0.1,0.1,0.3,,,,,,,,,,,,,,,,,,,,,,,,,,,,0,0,0,0,1,0,0,0,0,,,,,,,,,,,,,,,,,,
20150521,20150522,1144,1149,20150624,〃,0.1,0.1,0.3,,,,,,,,,,,,,,,,,,,,,,,,,,,,0,0,0,0,1,0,0,0,0,,,,,,,,,,,,,,,,,,
20150618,20150619,1159,1204,20150721,〃,0.1,0.1,0.3,,,,,,,,,,,,,,,,,,,,,,,,,,,,0,0,0,0,1,0,0,0,0,,,,,,,,,,,,,,,,,,
20150714,20150715,1213,1218,20150812,〃,0.1,0.1,0.3,,,,,,,,,,,,,,,,,,,,,,,,,,,,,0,0,0,1,0,0,0,0,0,,,,,,,,,,,,,,,,,
20150806,20150807,1213,1218,20150918,〃,0.1,0.1,0.3,,,,,,,,,,,,,,,,,,,,,,,,,,,,,0,0,0,1,0,0,0,0,0,,,,,,,,,,,,,,,,,
20150914,20150915,1202,1207,20151013,〃,0.1,0.1,0.3,,,,,,,,,,,,,,,,,,,,,,,,,,,,,0,0,0,1,0,0,0,0,0,,,,,,,,,,,,,,,,,
20151006,20151007,1155,1200,20151105,〃,0.1,0.1,0.3,,,,,,,,,,,,,,,,,,,,,,,,,,,,,0,0,0,1,0,0,0,0,0,,,,,,,,,,,,,,,,,
20151030,20151030,1217,1222,20151125,〃,0.1,0.1,0.3,,,,,,,,,,,,,,,,,,,,,,,,,,,,,0,0,0,1,0,0,0,0,0,,,,,,,,,,,,,,,,,
20151118,20151119,1212,1217,20151224,〃,0.1,0.1,0.3,,,,,,,,,,,,,,,,,,,,,,,,,,,,,0,0,0,1,0,0,0,0,0,,,,,,,,,,,,,,,,,
20151217,20151218,1245,1250,20160203,〃,0.1,0.1,0.3,,,,,,,,,,,,,,,,,,,,,,,,,,,,,0,0,0,1,0,0,0,0,0,,,,,,,,,,,,,,,,,
20160128,20160129,1231,1238,20160318,"「マイナス金利付き量的・質的金融緩和」の導入
金融機関が保有する日本銀行当座預金に▲0.1％のマイナス金利を適用する。
マネタリーベースが、年間約80兆円に相当するペースで増加するよう金融市場調節を行う。",0.1,0.1,0.3,,,,,,,,,,,,,,,,,,,,,,,,,,,,,0,0,0,1,0,0,0,0,0,,,,,,,,,,,,,,,,,
20160314,20160315,1228,1235,20160509,〃,0.1,0.1,0.3,,,,,,,,,,,,,,,,,,,,,,,,,,,,,0,0,0,1,0,0,0,0,0,,,,,,,,,,,,,,,,,
20160427,20160428,1154,1201,20160621,〃,0.1,0.1,0.3,,,,,,,,,,,,,,,,,,,,,,,,,,,,,,0,0,1,0,0,0,0,0,0,,,,,,,,,,,,,,,,
20160615,20160616,1138,1145,20160803,〃,0.1,0.1,0.3,,,,,,,,,,,,,,,,,,,,,,,,,,,,,,0,0,1,0,0,0,0,0,0,,,,,,,,,,,,,,,,
20160728,20160729,1237,1244,20160927,〃,0.1,0.1,0.3,,,,,,,,,,,,,,,,,,,,,,,,,,,,,,,0,1,0,0,0,0,0,0,0,,,,,,,,,,,,,,,
20160920,20160921,1258,1318,20161107,"短期金利：日本銀行当座預金のうち政策金利残高に▲0.1％のマイナス金利を適用する。
長期金利：10年物国債金利が概ね現状程度（ゼロ％程度）で推移するよう、長期国債の買入れを行う。買入れ額については、概ね現状程度の買入れペース（保有残高の増加額年間約80兆円）をめどとしつつ、金利操作方針を実現するよう運営する。買入対象については、引き続き幅広い銘柄とし、平均残存期間の定めは廃止する。",0.1,0.1,0.3,,,,,,,,,,,,,,,,,,,,,,,,,,,,,,,1,1,0,0,0,0,0,0,0,,,,,,,,,,,,,,,
20161031,20161101,1148,1155,20161226,"短期金利：日本銀行当座預金のうち政策金利残高に▲0.1％のマイナス金利を 適用する。 
長期金利：10 年物国債金利がゼロ％程度で推移するよう、長期国債の買入れを 行う。買入れ額については、概ね現状程度の買入れペース（保有残高の増加額年間約80兆円）をめどとしつつ、金利操作方針を実現するよう運営する。",0.1,0.1,0.3,,,,,,,,,,,,,,,,,,,,,,,,,,,,,,,1,1,0,0,0,0,0,0,0,,,,,,,,,,,,,,,
20161219,20161220,1144,1151,20170203,〃,0.1,0.1,0.3,,,,,,,,,,,,,,,,,,,,,,,,,,,,,,,1,1,0,0,0,0,0,0,0,,,,,,,,,,,,,,,
20170130,20170131,1149,1156,20170322,〃,0.1,0.1,0.3,,,,,,,,,,,,,,,,,,,,,,,,,,,,,,,1,1,0,0,0,0,0,0,0,,,,,,,,,,,,,,,
20170315,20170316,1147,1154,20170502,〃,0.1,0.1,0.3,,,,,,,,,,,,,,,,,,,,,,,,,,,,,,,1,1,0,0,0,0,0,0,0,,,,,,,,,,,,,,,
20170426,20170427,1207,1214,20170621,〃,0.1,0.1,0.3,,,,,,,,,,,,,,,,,,,,,,,,,,,,,,,1,1,0,0,0,0,0,0,0,,,,,,,,,,,,,,,
20170615,20170616,1147,1154,20170725,〃,0.1,0.1,0.3,,,,,,,,,,,,,,,,,,,,,,,,,,,,,,,1,1,0,0,0,0,0,0,0,,,,,,,,,,,,,,,
20170719,20170720,1203,1210,20170926,〃,0.1,0.1,0.3,,,,,,,,,,,,,,,,,,,,,,,,,,,,,,,1,1,0,0,0,0,0,0,0,,,,,,,,,,,,,,,
20170920,20170921,1208,1215,20171106,〃,0.1,0.1,0.3,,,,,,,,,,,,,,,,,,,,,,,,,,,,,,,,,0,0,0,0,0,0,0,1,0,,,,,,,,,,,,,
20171030,20171031,1158,1205,20171226,〃,0.1,0.1,0.3,,,,,,,,,,,,,,,,,,,,,,,,,,,,,,,,,0,0,0,0,0,0,0,1,0,,,,,,,,,,,,,
20171220,20171221,1139,1146,20180216,〃,0.1,0.1,0.3,,,,,,,,,,,,,,,,,,,,,,,,,,,,,,,,,0,0,0,0,0,0,0,1,0,,,,,,,,,,,,,
20180122,20180123,1207,1214,20180314,〃,0.1,0.1,0.3,,,,,,,,,,,,,,,,,,,,,,,,,,,,,,,,,0,0,0,0,0,0,0,1,0,,,,,,,,,,,,,
20180308,20180309,1139,1146,20180507,〃,0.1,0.1,0.3,,,,,,,,,,,,,,,,,,,,,,,,,,,,,,,,,0,0,0,0,0,0,0,1,0,,,,,,,,,,,,,
20180426,20180427,1156,1203,20180620,〃,0.1,0.1,0.3,,,,,,,,,,,,,,,,,,,,,,,,,,,,,,,,,0,,,0,0,0,0,1,0,0,0,,,,,,,,,,,
20180614,20180615,1134,1141,20180803,〃,0.1,0.1,0.3,,,,,,,,,,,,,,,,,,,,,,,,,,,,,,,,,0,,,0,0,0,0,1,0,0,0,,,,,,,,,,,
20180730,20180731,1256,1303,20180925,"短期金利：日本銀行当座預金のうち政策金利残高に▲0.1％のマイナス金利を適用する。 
長期金利：10年物国債金利がゼロ％程度で推移するよう、長期国債の買入れを行う。その際、金利は、経済・物価情勢等に応じて上下にある程度変動しうるものとし、買入れ額については、保有残高の増加額年間約80兆円をめどとしつつ、弾力的な買入れを実施する。",0.1,0.1,0.3,,,,,,,,,,,,,,,,,,,,,,,,,,,,,,,,,0,,,1,0,0,0,1,0,0,0,,,,,,,,,,,
20180918,20180919,1140,1147,20181105,〃,0.1,0.1,0.3,,,,,,,,,,,,,,,,,,,,,,,,,,,,,,,,,0,,,1,0,0,0,1,0,0,0,,,,,,,,,,,
20181030,20181031,1201,1208,20181226,〃,0.1,0.1,0.3,,,,,,,,,,,,,,,,,,,,,,,,,,,,,,,,,0,,,1,0,0,0,1,0,0,0,,,,,,,,,,,
20181219,20181220,1145,1152,20190128,〃,0.1,0.1,0.3,,,,,,,,,,,,,,,,,,,,,,,,,,,,,,,,,0,,,1,0,0,0,1,0,0,0,,,,,,,,,,,
20190122,20190123,1152,1159,20190320,〃,0.1,0.1,0.3,,,,,,,,,,,,,,,,,,,,,,,,,,,,,,,,,0,,,1,0,0,0,1,0,0,0,,,,,,,,,,,
20190314,20190315,1132,1139,20190508,〃,0.1,0.1,0.3,,,,,,,,,,,,,,,,,,,,,,,,,,,,,,,,,0,,,1,0,0,0,1,0,0,0,,,,,,,,,,,
20190424,20190425,1220,1227,20190625,〃,0.1,0.1,0.3,,,,,,,,,,,,,,,,,,,,,,,,,,,,,,,,,0,,,1,0,0,0,1,0,0,0,,,,,,,,,,,
20190619,20190620,1138,1145,20190802,〃,0.1,0.1,0.3,,,,,,,,,,,,,,,,,,,,,,,,,,,,,,,,,0,,,1,0,0,0,1,0,0,0,,,,,,,,,,,
20190729,20190730,1148,1155,20190925,〃,0.1,0.1,0.3,,,,,,,,,,,,,,,,,,,,,,,,,,,,,,,,,0,,,1,0,0,0,1,0,0,0,,,,,,,,,,,
20190919,20190920,1142,1149,20191106,〃,0.1,0.1,0.3,,,,,,,,,,,,,,,,,,,,,,,,,,,,,,,,,0,,,1,0,0,0,1,0,0,0,,,,,,,,,,,
20191030,20191031,1225,1232,20191224,〃,0.1,0.1,0.3,,,,,,,,,,,,,,,,,,,,,,,,,,,,,,,,,0,,,1,0,0,0,1,0,0,0,,,,,,,,,,,
20191218,20191219,1138,1145,20200124,〃,0.1,0.1,0.3,,,,,,,,,,,,,,,,,,,,,,,,,,,,,,,,,0,,,1,0,0,0,1,0,0,0,,,,,,,,,,,
20200120,20200121,1154,1201,20200325,〃,0.1,0.1,0.3,,,,,,,,,,,,,,,,,,,,,,,,,,,,,,,,,0,,,1,0,0,0,1,0,0,0,,,,,,,,,,,
20200316,20200316,1359,1406,20200507,〃,0.1,0.1,0.3,,,,,,,,,,,,,,,,,,,,,,,,,,,,,,,,,0,,,1,0,0,0,1,0,0,0,,,,,,,,,,,
20200427,20200427,1201,1208,20200619,"短期金利：日本銀行当座預金のうち政策金利残高に▲0.1％のマイナス金利を 適用する。 
長期金利：10年物国債金利がゼロ％程度で推移するよう、上限を設けず必要な金額の長期国債の買入れを行う。その際、金利は、経済・物価情勢等に応じて上下にある程度変動しうるものとする。",0.1,0.1,0.3,,,,,,,,,,,,,,,,,,,,,,,,,,,,,,,,,0,,,,0,0,0,1,0,0,0,0,,,,,,,,,,
20200522,20200522,2354,1001,20200619,〃,0.1,0.1,0.3,,,,,,,,,,,,,,,,,,,,,,,,,,,,,,,,,0,,,,0,0,0,1,0,0,0,0,,,,,,,,,,
20200615,20200616,1126,1133,20200720,〃,0.1,0.1,0.3,,,,,,,,,,,,,,,,,,,,,,,,,,,,,,,,,0,,,,0,0,0,1,0,0,0,0,,,,,,,,,,
20200714,20200715,1150,1157,20200924,〃,0.1,0.1,0.3,,,,,,,,,,,,,,,,,,,,,,,,,,,,,,,,,0,,,,,0,0,1,0,0,0,0,0,,,,,,,,,
20200916,20200917,1144,1151,20201104,〃,0.1,0.1,0.3,,,,,,,,,,,,,,,,,,,,,,,,,,,,,,,,,0,,,,,0,0,1,0,0,0,0,0,,,,,,,,,
20201028,20201029,1205,1212,20201223,〃,0.1,0.1,0.3,,,,,,,,,,,,,,,,,,,,,,,,,,,,,,,,,0,,,,,0,0,1,0,0,0,0,0,,,,,,,,,
20201217,20201218,1206,1213,20210126,〃,0.1,0.1,0.3,,,,,,,,,,,,,,,,,,,,,,,,,,,,,,,,,0,,,,,0,0,1,0,0,0,0,0,,,,,,,,,
20210120,20210121,1131,1138,20210324,〃,0.1,0.1,0.3,,,,,,,,,,,,,,,,,,,,,,,,,,,,,,,,,0,,,,,0,0,1,0,0,0,0,0,,,,,,,,,
20210318,20210319,1232,1239,20210506,"短期金利：日本銀行当座預金のうち政策金利残高に▲0.1％のマイナス金利を適用する。
長期金利：10 年物国債金利がゼロ％程度で推移するよう、上限を設けず必要な金額の長期国債の買入れを行う。",0.1,0.1,0.3,,,,,,,,,,,,,,,,,,,,,,,,,,,,,,,,,0,,,,,0,0,1,0,0,0,0,0,,,,,,,,,
20210426,20210427,1153,1200,20210623,〃,0.1,0.1,0.3,,,,,,,,,,,,,,,,,,,,,,,,,,,,,,,,,0,,,,,,0,1,0,0,0,0,0,0,,,,,,,,
20210617,20210618,1223,1230,20210721,〃,0.1,0.1,0.3,,,,,,,,,,,,,,,,,,,,,,,,,,,,,,,,,0,,,,,,,1,0,0,0,0,0,0,,,,,,,,
20210715,20210716,1149,1156,20210928,〃,0.1,0.1,0.3,,,,,,,,,,,,,,,,,,,,,,,,,,,,,,,,,0,,,,,,,1,0,0,0,0,0,0,0,,,,,,,
20210921,20210922,1140,1147,20211102,〃,0.1,0.1,0.3,,,,,,,,,,,,,,,,,,,,,,,,,,,,,,,,,0,,,,,,,1,0,0,0,0,0,0,0,,,,,,,
20211027,20211028,1138,1145,20211222,〃,0.1,0.1,0.3,,,,,,,,,,,,,,,,,,,,,,,,,,,,,,,,,0,,,,,,,1,0,0,0,0,0,0,0,,,,,,,
20211216,20211217,1150,1157,20220121,〃,0.1,0.1,0.3,,,,,,,,,,,,,,,,,,,,,,,,,,,,,,,,,0,,,,,,,1,0,0,0,0,0,0,0,,,,,,,
20220117,20220118,1139,1146,20220324,〃,0.1,0.1,0.3,,,,,,,,,,,,,,,,,,,,,,,,,,,,,,,,,0,,,,,,,1,0,0,0,0,0,0,0,,,,,,,
20220317,20220318,1144,1151,20220509,〃,0.1,0.1,0.3,,,,,,,,,,,,,,,,,,,,,,,,,,,,,,,,,0,,,,,,,1,0,0,0,0,0,0,0,,,,,,,
20220427,20220428,1202,1209,20220622,〃,0.1,0.1,0.3,,,,,,,,,,,,,,,,,,,,,,,,,,,,,,,,,0,,,,,,,1,0,0,0,0,0,0,0,,,,,,,
20220616,20220617,1136,1143,20220726,〃,0.1,0.1,0.3,,,,,,,,,,,,,,,,,,,,,,,,,,,,,,,,,0,,,,,,,1,0,0,0,0,0,0,0,,,,,,,
20220720,20220721,1157,1204,20220928,〃,0.1,0.1,0.3,,,,,,,,,,,,,,,,,,,,,,,,,,,,,,,,,0,,,,,,,1,0,0,0,0,0,0,0,,,,,,,
20220921,20220922,1144,1151,20221102,〃,0.1,0.1,0.3,,,,,,,,,,,,,,,,,,,,,,,,,,,,,,,,,0,,,,,,,,,0,0,0,0,0,0,0,0,,,,,
20221027,20221028,1143,1150,20221223,〃,0.1,0.1,0.3,,,,,,,,,,,,,,,,,,,,,,,,,,,,,,,,,0,,,,,,,,,0,0,0,0,0,0,0,0,,,,,
20221219,20221220,1154,1201,20230123,〃,0.1,0.1,0.3,,,,,,,,,,,,,,,,,,,,,,,,,,,,,,,,,0,,,,,,,,,0,0,0,0,0,0,0,0,,,,,
20230117,20230118,1133,1140,20230315,〃,0.1,0.1,0.3,,,,,,,,,,,,,,,,,,,,,,,,,,,,,,,,,0,,,,,,,,,0,0,0,0,0,0,0,0,,,,,
20230309,20230310,1123,1130,20230508,〃,0.1,0.1,0.3,,,,,,,,,,,,,,,,,,,,,,,,,,,,,,,,,0,,,,,,,,,0,0,0,0,0,0,0,0,,,,,
20230427,20230428,1253,1300,20230621,〃,0.1,0.1,0.3,,,,,,,,,,,,,,,,,,,,,,,,,,,,,,,,,,,,,,,,,,,,0,0,0,0,0,0,0,0,0,,
20230615,20230616,1140,1147,20230802,〃,0.1,0.1,0.3,,,,,,,,,,,,,,,,,,,,,,,,,,,,,,,,,,,,,,,,,,,,0,0,0,0,0,0,0,0,0,,
20230727,20230728,1221,1228,20230927,〃,0.1,0.1,0.3,,,,,,,,,,,,,,,,,,,,,,,,,,,,,,,,,,,,,,,,,,,,0,0,0,0,0,0,0,0,0,,
20230921,20230922,1145,1152,20231106,〃,0.1,0.1,0.3,,,,,,,,,,,,,,,,,,,,,,,,,,,,,,,,,,,,,,,,,,,,0,0,0,0,0,0,0,0,0,,
20231030,20231031,1220,1227,20231222,〃,0.1,0.1,0.3,,,,,,,,,,,,,,,,,,,,,,,,,,,,,,,,,,,,,,,,,,,,0,0,0,0,0,0,0,0,0,,
20231218,20231219,1142,1149,20240126,〃,0.1,0.1,0.3,,,,,,,,,,,,,,,,,,,,,,,,,,,,,,,,,,,,,,,,,,,,0,0,0,0,0,0,0,0,0,,
20240122,20240123,1202,1209,20240325,〃,0.1,0.1,0.3,,,,,,,,,,,,,,,,,,,,,,,,,,,,,,,,,,,,,,,,,,,,0,0,0,0,0,0,0,0,0,,
20240318,20240319,1228,1235,20240502,無担保コールレート（オーバーナイト物）を、0〜0.1％程度で推移するよう促す。,0.1,0.1,0.3,,,,,,,,,,,,,,,,,,,,,,,,,,,,,,,,,,,,,,,,,,,,0,1,1,0,0,0,0,0,0,,
20240425,20240426,1215,1222,20240619,〃,0.1,0.1,0.3,,,,,,,,,,,,,,,,,,,,,,,,,,,,,,,,,,,,,,,,,,,,0,0,0,0,0,0,0,0,0,,
20240613,20240614,1216,1223,20240805,〃,0.1,0.1,0.3,,,,,,,,,,,,,,,,,,,,,,,,,,,,,,,,,,,,,,,,,,,,0,0,0,0,0,0,0,0,0,,
20240730,20240731,1249,1256,20240926,無担保コールレート（オーバーナイト物）を、0.25％程度で推移するよう促す。,0.25,0.25,0.5,,,,,,,,,,,,,,,,,,,,,,,,,,,,,,,,,,,,,,,,,,,,0,1,1,0,0,0,0,0,0,,
20240919,20240920,1145,1152,20241106,〃,0.25,0.25,0.5,,,,,,,,,,,,,,,,,,,,,,,,,,,,,,,,,,,,,,,,,,,,0,0,0,0,0,0,0,0,0,,
20241030,20241031,1141,1148,20241224,〃,0.25,0.25,0.5,,,,,,,,,,,,,,,,,,,,,,,,,,,,,,,,,,,,,,,,,,,,0,0,0,0,0,0,0,0,0,,
20241218,20241219,1145,1152,20250129,〃,0.25,0.25,0.5,,,,,,,,,,,,,,,,,,,,,,,,,,,,,,,,,,,,,,,,,,,,0,0,0,0,0,1,0,0,0,,
20250123,20250124,1216,1223,20250325,無担保コールレート（オーバーナイト物）を、0.5％程度で推移するよう促す。,0.5,0.5,0.75,,,,,,,,,,,,,,,,,,,,,,,,,,,,,,,,,,,,,,,,,,,,0,1,0,0,0,0,0,0,0,,
20250318,20250319,1118,1125,20250508,〃,0.5,0.5,0.75,,,,,,,,,,,,,,,,,,,,,,,,,,,,,,,,,,,,,,,,,,,,0,0,0,0,0,0,0,0,0,,
20250430,20250501,1155,1202,20250620,〃,0.5,0.5,0.75,,,,,,,,,,,,,,,,,,,,,,,,,,,,,,,,,,,,,,,,,,,,,0,0,0,0,0,0,0,0,0,
20250616,20250617,1224,1231,20250805,〃,0.5,0.5,0.75,,,,,,,,,,,,,,,,,,,,,,,,,,,,,,,,,,,,,,,,,,,,,0,0,0,0,0,0,0,0,0,
20250730,20250731,1150,1157,20250925,〃,0.5,0.5,0.75,,,,,,,,,,,,,,,,,,,,,,,,,,,,,,,,,,,,,,,,,,,,,,0,0,0,0,0,0,0,0,0
20250918,20250919,1240,1247,20251105,〃,0.5,0.5,0.75,,,,,,,,,,,,,,,,,,,,,,,,,,,,,,,,,,,,,,,,,,,,,,0,0,1,1,0,0,0,0,0
